156,156,156,156,156,156,156,156,156,156,156,156,156,156,156,156,156,156,156,156,156,156,156,156,156,156,156,156,156,156,156,156,156,156,156,156,156,156,156,156,156,156,156,156,156,156,156,752,156,156,156,156,156,156,156,156,156,156,156,156,156,156,156,156,156,156,156,156,156,156,156,156,156,156,156,156,156,156,156,156,156,156,156,156,156,156,156,156,156,156,156,156,156,156,156,156,156,156,156,156,156,156,156,156,156,156,156,156,156,156,156,156,156,156,156,156,156,156,725,745,765,785,805
156,156,156,156,156,156,156,156,156,156,156,156,156,156,156,156,156,156,156,156,156,156,156,156,156,156,156,156,156,156,156,156,156,156,156,156,156,156,156,156,156,156,156,156,156,156,156,752,156,156,156,156,156,156,156,156,156,156,156,156,156,156,156,156,156,156,156,156,156,156,156,156,156,156,156,156,156,156,156,156,156,156,156,156,156,156,156,156,156,156,156,156,156,156,156,156,156,156,156,156,156,156,156,156,156,156,156,156,156,156,156,156,156,156,156,156,156,725,745,765,785,805,825
156,156,156,156,156,156,156,156,156,156,156,156,156,156,156,156,156,156,156,156,156,156,156,156,156,156,156,156,156,156,156,156,156,156,156,156,156,156,156,156,156,156,156,156,156,156,156,752,156,156,156,156,156,156,156,156,156,156,156,156,156,156,156,156,156,156,156,156,156,156,156,156,156,156,156,156,156,156,156,156,156,156,156,156,156,156,156,156,156,156,156,156,156,156,156,156,156,156,156,156,156,156,156,156,156,156,156,156,156,156,156,156,156,156,156,156,725,745,765,785,805,825,360
156,156,156,156,156,156,156,156,156,156,156,156,156,156,156,156,156,156,156,156,156,156,156,156,156,156,156,156,156,156,156,156,156,156,156,156,156,156,156,156,156,156,156,156,156,156,156,752,156,156,156,156,156,156,156,156,156,156,156,156,156,156,156,156,156,156,156,156,156,156,156,156,156,156,156,156,156,156,156,156,156,156,156,156,156,156,156,156,156,156,156,156,156,156,156,156,156,156,156,156,156,156,156,156,156,156,156,156,156,156,156,156,156,156,156,725,745,765,785,805,825,360,360
156,156,156,156,156,156,156,156,156,156,156,156,156,156,156,156,156,156,156,156,156,156,156,156,156,156,156,156,156,156,156,156,156,156,156,156,156,156,156,156,156,156,156,156,156,156,156,752,156,156,156,156,156,156,156,156,156,156,156,156,156,156,156,156,156,156,156,156,156,156,156,156,156,156,156,156,156,156,156,156,156,156,156,156,156,156,156,156,156,156,156,156,156,156,156,156,156,156,156,156,156,156,156,156,156,156,156,156,156,156,156,156,156,156,725,745,765,785,805,825,360,360,360
156,156,156,156,156,156,156,156,156,156,156,156,156,156,156,156,156,156,156,156,156,156,156,156,156,156,156,156,156,156,156,156,156,156,156,156,156,156,156,156,156,156,156,156,156,156,156,752,156,156,156,156,156,156,156,156,156,156,156,156,156,156,156,156,156,156,156,156,156,156,156,156,156,156,156,156,156,156,156,156,156,156,156,156,156,156,156,156,156,156,156,156,156,156,156,156,156,156,156,156,156,156,156,156,156,156,156,156,156,156,156,156,156,725,745,765,785,805,825,360,360,360,360
156,156,156,156,156,156,156,156,156,156,156,156,156,156,156,156,156,156,156,156,156,156,156,156,156,156,156,156,156,156,156,156,156,156,156,156,156,156,156,156,156,156,156,156,156,156,156,752,156,156,156,156,156,156,156,156,156,156,156,156,156,156,156,156,156,156,156,156,156,156,156,156,156,156,156,156,156,156,156,156,156,156,156,156,156,156,156,156,156,156,156,156,156,156,156,156,156,156,156,156,156,156,156,156,156,156,156,156,156,156,156,156,725,745,765,785,805,825,360,360,360,360,360
156,156,156,156,156,156,156,156,156,156,156,156,156,156,156,156,156,156,156,156,156,156,156,156,156,156,156,156,156,156,156,156,156,156,156,156,156,156,156,156,156,156,156,156,156,156,156,752,156,156,156,156,156,156,156,156,156,156,156,156,156,156,156,156,156,156,156,156,156,156,156,156,156,156,156,156,156,156,156,156,156,156,156,156,156,156,156,156,156,156,156,156,156,156,156,156,156,156,156,156,156,156,156,156,156,156,156,156,156,156,156,725,745,765,785,805,825,360,360,360,360,360,360
156,156,156,156,156,156,156,156,156,156,156,156,156,156,156,156,156,156,156,156,156,156,156,156,156,156,156,156,156,156,156,156,156,156,156,156,156,156,156,156,156,156,156,156,156,156,156,752,156,156,156,156,156,156,156,156,156,156,156,156,156,156,156,156,156,156,156,156,156,156,156,156,156,156,156,156,156,156,156,156,156,156,156,156,156,156,156,156,156,156,156,156,156,156,156,156,156,156,156,156,156,156,156,156,156,156,156,156,156,156,725,745,765,785,805,825,360,360,360,360,360,360,360
156,156,156,156,156,156,156,156,156,156,156,156,156,156,156,156,156,156,156,156,156,156,156,156,156,156,156,156,156,156,156,156,156,156,156,156,156,156,156,156,156,156,156,156,156,156,156,752,156,156,156,156,156,156,156,156,156,156,156,156,156,156,156,156,156,156,156,156,156,156,156,156,156,156,156,156,156,156,156,156,156,156,156,156,156,156,156,156,156,156,156,156,156,156,156,156,156,156,156,156,156,156,156,156,156,156,156,156,156,725,745,765,785,805,825,360,360,360,360,360,360,360,360
156,156,156,156,156,156,156,156,156,156,156,156,156,156,156,156,156,156,156,156,156,156,156,156,156,156,156,156,156,156,156,156,156,156,156,156,156,156,156,156,156,156,156,156,156,156,156,752,156,156,156,156,156,156,156,156,156,156,156,156,156,156,156,156,156,156,156,156,156,156,156,156,156,156,156,156,156,156,156,156,156,156,156,156,156,156,156,156,156,156,156,156,156,156,156,156,156,156,156,156,156,156,156,156,156,156,156,156,725,745,765,785,805,825,360,360,360,360,360,360,360,360,360
156,156,156,156,156,156,156,156,156,156,156,156,156,156,156,156,156,156,156,156,156,156,156,156,156,156,156,156,156,156,156,156,156,156,156,156,156,156,156,156,156,156,156,156,156,156,156,752,156,156,156,156,156,156,156,156,156,156,156,156,156,156,156,156,156,156,156,156,156,156,156,156,156,156,156,156,156,156,156,156,156,156,156,156,156,156,156,156,156,156,156,156,156,156,156,156,156,156,156,156,156,156,156,156,156,156,156,725,745,765,785,805,825,360,360,360,360,360,360,360,360,360,360
156,156,156,156,156,156,156,156,156,156,156,156,156,156,156,156,156,156,156,156,156,156,156,156,156,156,156,156,156,156,156,156,156,156,156,156,156,156,156,156,156,156,156,156,156,156,156,752,156,156,156,156,156,156,156,156,156,156,156,156,156,156,156,156,156,156,156,156,156,156,156,156,156,156,156,156,156,156,156,156,156,156,156,156,156,156,156,156,156,156,156,156,156,156,156,156,156,156,156,156,156,156,156,156,156,156,725,745,765,785,805,825,360,360,360,360,360,360,360,360,360,360,360
156,156,156,156,156,156,156,156,156,156,156,156,156,156,156,796,776,776,776,776,780,632,636,640,644,1085,776,780,632,636,640,644,1085,776,776,780,0,4,8,12,1085,776,776,776,776,776,776,752,716,716,716,716,716,720,552,556,560,564,1072,716,716,716,716,716,716,716,716,716,716,716,716,720,552,556,560,564,1072,716,716,716,716,716,716,716,716,716,716,716,716,716,720,552,556,560,564,1072,716,716,716,720,552,556,560,564,1072,716,745,765,785,805,825,360,360,360,360,360,360,360,360,360,360,360,360
156,156,156,156,156,156,156,156,156,156,156,156,156,156,156,777,792,756,756,756,756,648,652,656,660,756,756,756,648,652,656,660,756,756,756,756,16,20,24,28,756,756,756,756,756,756,756,752,736,736,736,736,736,736,568,572,576,580,736,736,736,736,736,736,736,736,736,736,736,736,736,736,568,572,576,580,736,736,736,736,736,736,736,736,736,736,736,736,736,736,736,568,572,576,580,736,736,736,736,736,568,572,576,580,736,736,765,785,805,825,360,360,360,360,360,360,360,360,360,360,360,360,360
156,156,156,156,156,156,156,156,156,156,156,156,156,156,156,777,757,741,741,741,741,664,668,672,676,741,741,741,664,668,672,676,741,741,741,741,32,36,40,44,741,741,741,741,741,741,741,752,732,732,732,732,732,732,584,588,592,596,732,732,732,732,732,732,732,732,732,732,732,732,732,732,584,588,592,596,732,732,732,732,732,732,732,732,732,732,732,732,732,732,732,584,588,592,596,732,732,732,732,732,584,588,592,596,732,732,785,805,825,360,360,360,360,360,360,360,360,360,360,360,360,360,360
156,156,156,156,156,156,156,156,156,156,156,156,156,156,156,777,757,741,741,741,741,680,684,688,692,741,741,741,680,684,688,692,741,741,741,741,48,52,56,60,741,741,741,741,741,741,741,752,732,732,732,732,732,732,600,604,608,612,732,732,732,732,732,732,732,732,732,732,732,732,732,732,600,604,608,612,732,732,732,732,732,732,732,732,732,732,732,732,732,732,732,600,604,608,612,732,732,732,732,732,600,604,608,612,732,732,805,825,360,360,360,360,360,360,360,360,360,360,360,360,360,360,360
156,156,156,156,156,156,156,156,156,156,156,156,156,156,156,777,757,741,741,788,760,696,700,704,708,760,760,760,696,700,704,708,760,760,760,760,64,68,72,76,760,760,760,760,760,760,760,772,712,712,712,712,712,712,616,620,624,628,712,712,712,712,712,712,712,712,712,712,712,712,712,712,616,620,624,628,712,712,712,712,712,712,712,712,712,712,712,712,712,712,712,616,620,624,628,712,712,712,712,712,616,620,624,628,712,712,825,360,360,360,360,360,360,360,360,360,360,360,360,360,360,360,360
156,156,156,156,156,156,156,156,156,156,156,156,156,156,156,1086,757,741,741,761,359,322,322,322,322,322,322,322,322,322,322,322,322,322,322,322,322,322,322,322,322,322,322,322,322,322,322,322,322,322,322,322,322,322,322,322,322,322,322,322,322,322,322,322,322,322,322,322,322,322,322,322,322,322,322,322,322,322,322,322,322,322,322,322,322,322,322,322,322,322,322,322,322,322,322,322,322,322,322,322,322,322,322,1077,1082,1082,1082,1082,1082,1082,360,360,360,360,360,360,360,360,360,360,360,360,360
156,156,156,156,156,156,156,156,156,156,156,156,156,156,156,13,29,45,61,77,323,288,288,288,288,288,288,288,288,288,288,288,288,288,288,288,288,288,288,288,288,288,288,288,288,288,288,288,288,288,288,288,288,288,288,288,288,288,288,288,288,288,288,288,288,288,288,288,288,288,288,288,288,288,288,288,288,288,288,288,288,288,288,288,288,288,288,288,288,288,288,288,288,288,288,288,288,288,288,288,288,288,288,301,369,369,369,369,369,369,360,360,360,360,360,360,360,360,360,360,360,360,360
156,156,156,156,156,156,156,156,156,156,156,156,156,156,156,9,25,41,57,73,323,288,292,295,288,288,288,288,288,292,295,288,288,288,288,288,292,295,288,288,288,288,288,292,295,288,288,288,288,288,292,295,288,288,288,288,288,292,295,288,288,288,288,288,292,295,288,288,288,288,288,292,295,288,288,288,288,288,292,295,288,288,288,288,288,292,295,288,288,288,288,288,292,295,288,288,288,288,288,292,295,288,288,1079,1084,1084,1084,1084,1084,1084,360,360,360,360,360,360,360,360,360,360,360,360,360
156,156,156,156,156,156,156,156,156,156,156,156,156,156,156,5,21,37,53,69,323,288,293,294,288,288,288,288,288,293,294,288,288,288,288,288,293,294,288,288,288,288,288,293,294,288,288,288,288,288,293,294,288,288,288,288,288,293,294,288,288,288,288,288,293,294,288,288,288,288,288,293,294,288,288,288,288,288,293,294,288,288,288,288,288,293,294,288,288,288,288,288,293,294,288,288,288,288,288,293,294,288,288,309,373,373,373,373,373,373,360,360,360,360,360,360,360,360,360,360,360,360,360
156,156,156,156,156,156,156,156,156,156,156,156,156,156,156,1,17,33,49,65,323,288,288,288,288,288,288,288,288,288,288,288,288,288,288,288,288,288,288,288,288,288,288,288,288,288,288,288,288,288,288,288,288,288,288,288,288,288,288,288,288,288,288,288,288,288,288,288,288,288,288,288,288,288,288,288,288,288,288,288,288,288,288,288,288,288,288,288,288,288,288,288,288,288,288,288,288,288,288,288,288,288,288,301,369,369,369,369,369,369,360,360,360,360,360,360,360,360,360,360,360,360,360
156,156,156,156,156,156,156,156,156,156,156,156,156,156,156,781,757,741,741,761,323,288,288,288,288,355,320,354,288,288,288,288,355,320,320,320,320,320,320,320,320,320,320,320,320,320,320,320,320,320,320,320,320,320,320,320,320,320,320,320,320,320,320,320,320,320,320,320,320,320,320,320,320,320,320,320,320,320,320,320,320,320,320,320,320,320,320,320,320,320,320,320,320,320,320,320,320,354,288,288,288,288,355,313,377,377,377,377,377,377,360,360,360,360,360,360,360,360,360,360,360,360,360
156,156,156,156,156,156,156,156,156,156,156,156,156,156,156,777,757,741,741,761,323,288,288,288,288,321,156,323,288,288,288,288,321,156,156,156,156,156,156,762,762,762,762,762,762,762,762,774,714,714,714,714,714,714,714,714,714,714,714,714,714,714,714,714,714,714,714,714,714,714,714,714,714,714,714,714,714,714,714,714,714,714,714,714,714,714,714,714,714,714,714,714,714,714,714,714,813,323,288,288,288,288,321,715,732,732,739,719,156,156,156,156,156,156,156,156,156,156,156,156,156,156,156
156,156,156,156,156,156,156,156,156,156,156,156,156,156,156,777,757,741,741,761,323,288,288,288,288,352,322,353,288,288,288,288,352,1082,1082,1082,1082,1082,1082,741,741,741,741,741,741,741,741,752,732,732,732,732,732,732,732,142,138,134,732,732,732,732,732,732,142,138,134,732,732,732,732,732,732,142,138,134,732,732,732,732,732,732,142,138,134,732,732,732,732,732,732,732,732,732,732,732,713,323,288,288,288,288,321,715,732,732,739,719,156,156,156,156,156,156,156,156,156,156,156,156,156,156,156
156,156,156,156,156,156,156,156,156,156,156,156,156,156,156,777,757,741,741,761,323,288,288,288,288,288,288,288,288,288,288,288,288,369,369,369,369,369,369,741,741,741,741,741,741,741,741,752,732,732,732,732,732,732,732,130,126,122,732,732,732,732,732,732,130,126,122,732,732,732,732,732,732,130,126,122,732,732,732,732,732,732,130,126,122,732,732,732,732,732,732,732,732,732,732,732,713,323,288,288,288,288,321,715,732,732,739,719,156,156,156,156,156,156,156,156,156,156,156,156,156,156,156
156,156,156,156,156,156,156,156,156,156,156,156,156,156,156,777,757,741,741,761,323,288,292,295,288,288,288,288,288,292,295,288,288,369,369,369,369,369,369,758,758,758,758,758,758,758,758,752,738,738,738,738,738,738,738,118,114,110,738,738,738,738,738,738,118,114,110,738,738,738,738,738,738,118,114,110,738,738,738,738,738,738,118,114,110,738,738,738,738,738,738,738,738,841,732,732,713,323,288,288,288,288,321,715,732,732,739,719,156,156,156,156,156,156,156,156,156,156,156,156,156,156,156
156,156,156,156,156,156,156,156,156,156,156,156,156,156,156,777,757,741,741,761,323,288,293,294,288,288,288,288,288,293,294,288,288,369,369,369,369,369,369,778,778,778,778,778,778,778,778,752,718,718,718,718,718,718,718,106,102,98,718,718,718,718,718,718,106,102,98,718,718,718,718,718,718,106,102,98,718,718,718,718,718,718,106,102,98,718,718,718,718,718,718,718,821,737,732,732,713,323,288,292,295,288,321,715,732,732,739,719,156,156,156,156,156,156,156,156,156,156,156,156,156,156,156
156,156,156,156,156,156,156,156,156,156,156,156,156,156,156,777,757,741,741,761,323,288,288,288,288,288,288,288,288,288,288,288,288,369,369,369,369,369,369,156,156,156,156,156,156,156,156,752,156,156,156,156,156,156,156,156,156,156,156,156,156,156,156,156,156,156,156,156,156,156,156,156,156,156,156,156,156,156,156,156,156,156,156,156,156,156,156,156,156,156,156,156,717,737,732,732,713,323,288,293,294,288,321,715,732,732,739,719,156,156,156,156,156,156,156,156,156,156,156,156,156,156,156
156,156,156,156,156,156,156,156,156,156,156,156,156,156,156,777,757,741,741,761,323,288,288,288,288,355,320,354,288,288,288,288,355,377,377,377,377,377,377,156,156,156,156,156,156,156,156,752,156,156,156,156,156,156,156,156,156,156,156,156,156,156,156,156,156,156,156,156,156,156,156,156,156,156,156,156,156,156,156,156,156,156,156,156,156,156,156,156,156,156,156,156,717,737,732,732,713,323,288,288,288,288,321,715,732,732,739,719,156,156,156,156,156,156,156,156,156,156,156,156,156,156,156
156,156,156,156,156,156,156,156,156,156,156,156,156,156,156,1086,757,741,741,761,323,288,288,288,288,321,156,323,288,288,288,288,321,156,156,156,156,156,156,156,156,156,156,156,156,156,156,752,156,156,156,156,156,156,156,156,156,156,156,156,156,156,156,156,156,156,156,156,156,156,156,156,156,156,156,156,156,156,156,156,156,156,156,156,156,156,156,156,156,156,156,156,717,737,732,732,713,323,288,288,288,288,321,715,732,732,739,719,156,156,156,156,156,156,156,156,156,156,156,156,156,156,156
156,156,156,156,156,156,156,156,156,156,156,156,156,156,156,13,29,45,61,77,323,288,288,288,288,352,322,353,288,288,288,288,352,1082,1082,1082,1082,1082,1082,156,156,156,156,156,156,156,156,752,156,156,156,156,156,156,156,156,156,156,156,156,156,156,156,156,156,156,156,156,156,156,156,156,156,156,156,156,156,156,156,156,156,156,156,156,156,156,156,156,156,156,156,156,717,737,732,732,713,323,288,288,288,288,321,715,732,732,739,719,156,156,156,156,156,156,156,156,156,156,156,156,156,156,156
156,156,156,156,156,156,156,156,156,156,156,156,156,156,156,9,25,41,57,73,323,288,288,288,288,288,288,288,288,288,288,288,288,369,369,369,369,369,369,156,156,156,156,156,156,156,156,752,156,156,156,156,156,156,156,156,156,156,156,156,156,156,156,156,156,156,156,156,156,156,156,156,156,156,156,156,156,156,156,156,156,156,156,156,156,156,156,156,156,156,156,156,717,737,732,732,713,323,288,288,288,288,321,715,732,732,739,719,156,156,156,156,156,156,156,156,156,156,156,156,156,156,156
156,156,156,156,156,156,156,156,156,156,156,156,156,156,156,5,21,37,53,69,323,288,292,295,288,288,288,288,288,292,295,288,288,369,369,369,369,369,369,156,156,156,156,156,156,156,156,752,156,156,156,156,156,156,156,156,156,156,156,156,156,156,156,156,156,156,156,156,156,156,156,156,156,156,156,156,156,156,156,156,156,156,156,156,156,156,156,156,156,156,156,156,717,737,732,732,713,323,288,288,288,288,321,715,732,732,739,719,156,156,156,156,156,156,156,156,156,156,156,156,156,156,156
156,156,156,156,156,156,156,156,156,156,156,156,156,156,156,1,17,33,49,65,323,288,293,294,288,288,288,288,288,293,294,288,288,369,369,369,369,369,369,156,156,156,156,156,156,156,156,752,156,156,156,156,156,156,156,156,156,156,156,156,156,156,156,156,156,156,156,156,156,156,156,156,156,156,156,156,156,156,156,156,156,156,156,156,156,156,156,156,156,156,156,156,717,737,732,732,713,323,288,292,295,288,321,715,732,732,739,719,156,156,156,156,156,156,156,156,156,156,156,156,156,156,156
156,156,156,156,156,156,156,156,156,156,156,156,156,156,156,781,757,741,741,761,323,288,288,288,288,288,288,288,288,288,288,288,288,369,369,369,369,369,369,156,156,156,156,156,156,156,156,752,156,156,156,156,156,156,156,156,156,156,156,156,156,156,156,156,156,156,156,156,156,156,156,156,156,156,156,156,156,156,156,156,156,156,156,156,156,156,156,156,156,156,156,156,717,737,732,732,713,323,288,293,294,288,321,715,732,732,739,719,156,156,156,156,156,156,156,156,156,156,156,156,156,156,156
156,156,156,156,156,156,156,156,156,156,156,156,156,156,156,777,757,741,741,761,323,288,288,288,288,288,288,288,288,288,288,288,288,369,369,369,369,369,369,156,156,156,156,156,156,156,156,752,156,156,156,156,156,156,156,156,156,156,156,156,156,156,156,156,156,156,156,156,156,156,156,156,156,156,156,156,156,156,156,156,156,156,156,156,156,156,156,156,156,156,156,156,717,737,732,732,713,323,288,288,288,288,321,715,732,732,739,719,156,156,156,156,156,156,156,156,156,156,156,156,156,156,156
156,156,156,156,156,156,156,156,156,156,156,156,156,156,156,777,757,741,741,761,323,288,288,288,288,355,320,320,320,320,320,320,320,377,377,377,377,377,377,156,156,156,156,156,156,156,156,752,156,156,156,156,156,156,156,156,156,156,156,156,156,156,156,156,156,156,156,156,156,156,156,156,156,156,156,156,156,156,156,156,156,156,156,156,156,156,156,156,156,156,156,156,717,737,732,732,713,356,320,320,320,320,357,715,732,732,739,719,156,156,156,156,156,156,156,156,156,156,156,156,156,156,156
753,753,753,753,753,753,753,753,753,753,753,753,753,753,753,753,753,753,753,773,323,288,288,288,288,321,775,753,753,753,753,753,753,753,753,753,753,753,753,753,753,753,753,753,753,753,753,794,156,156,156,156,156,156,156,156,156,156,156,156,156,156,156,156,156,156,156,156,156,156,156,156,156,156,156,156,156,156,156,156,156,156,156,156,156,156,156,156,156,156,156,156,717,737,732,732,845,714,714,714,714,714,714,846,732,732,739,719,156,156,156,156,156,156,156,156,156,156,156,156,156,156,156
156,156,156,156,156,156,156,156,156,156,156,156,156,156,156,717,737,732,732,713,323,288,288,288,288,321,715,732,732,739,719,156,156,156,156,156,156,156,156,156,156,156,156,156,156,156,156,156,156,156,156,156,156,156,156,156,156,156,156,156,156,156,156,156,156,156,156,156,156,156,156,156,156,156,156,156,156,156,156,156,156,156,156,156,156,156,156,156,156,156,156,156,717,737,732,732,732,732,732,142,138,134,732,732,732,732,739,719,156,156,156,156,156,156,156,156,156,156,156,156,156,156,156
156,156,156,156,156,156,156,156,156,156,156,156,156,156,156,717,737,732,732,713,323,288,292,295,288,321,619,603,587,571,719,156,156,156,156,156,156,156,156,156,156,156,156,156,156,156,156,156,156,156,156,156,156,156,156,156,156,156,156,156,156,156,156,156,156,156,156,156,156,156,156,156,156,156,156,156,156,156,156,156,156,156,156,156,156,156,156,156,156,156,156,156,717,737,732,732,732,732,732,130,126,122,732,732,732,732,739,719,156,156,156,156,156,156,156,156,156,156,156,156,156,156,156
156,156,156,156,156,156,156,156,156,156,156,156,156,156,156,717,737,732,732,713,323,288,293,294,288,321,623,607,591,575,719,156,156,156,156,156,156,156,156,156,156,156,156,156,156,156,156,156,156,156,156,156,156,156,156,156,156,156,156,156,156,156,156,156,156,156,156,156,156,156,156,156,156,156,156,156,156,156,156,156,156,156,156,156,156,156,156,156,156,156,156,156,717,801,738,738,738,738,738,118,114,110,738,738,738,738,802,719,156,156,156,156,156,156,156,156,156,156,156,156,156,156,156
156,156,156,156,156,156,156,156,156,156,156,156,156,156,156,717,737,732,732,713,323,288,288,288,288,321,627,611,595,579,719,156,156,156,156,156,156,156,156,156,156,156,156,156,156,156,156,156,156,156,156,156,156,156,156,156,156,156,156,156,156,156,156,156,156,156,156,156,156,156,156,156,156,156,156,156,156,156,156,156,156,156,156,156,156,156,156,156,156,156,156,156,837,718,718,718,718,718,718,106,102,98,718,718,718,718,718,838,156,156,156,156,156,156,156,156,156,156,156,156,156,156,156
156,156,156,156,156,156,156,156,156,156,156,156,156,156,156,717,737,732,732,713,323,288,288,288,288,321,631,615,599,583,719,156,156,156,156,156,156,156,156,156,156,156,156,156,156,156,156,156,156,156,156,156,156,156,156,156,156,156,156,156,156,156,156,156,156,156,156,156,156,156,156,156,156,156,156,156,156,156,156,156,156,156,156,156,156,156,156,156,156,156,156,156,156,156,156,156,156,156,156,156,156,156,156,156,156,156,156,156,156,156,156,156,156,156,156,156,156,156,156,156,156,156,156
156,156,156,156,156,156,156,156,156,156,156,156,156,156,156,717,737,732,732,713,323,288,288,288,288,321,715,732,732,739,719,156,156,156,156,156,156,156,156,156,156,156,156,156,156,156,156,156,156,156,156,156,156,156,156,156,156,156,156,156,156,156,156,156,156,156,156,156,156,156,156,156,156,156,156,156,156,156,156,156,156,156,156,156,156,156,156,156,156,156,156,156,156,156,156,156,156,156,156,156,156,156,156,156,156,156,156,156,156,156,156,156,156,156,156,156,156,156,156,156,156,156,156
156,156,156,156,156,156,156,156,156,156,156,156,156,156,156,717,737,732,732,713,323,288,288,288,288,321,715,732,732,739,719,156,156,156,156,156,156,156,156,156,156,156,156,156,156,156,156,156,156,156,156,156,156,156,156,156,156,156,156,156,156,156,156,156,156,156,156,156,156,156,156,156,156,156,156,156,156,156,156,156,156,156,156,156,156,156,156,156,156,156,156,156,156,156,156,156,156,156,156,156,156,156,156,156,156,156,156,156,156,156,156,156,156,156,156,156,156,156,156,156,156,156,156
156,156,156,156,156,156,156,156,156,156,156,156,156,156,156,717,737,732,732,713,323,288,288,288,288,321,715,732,732,739,719,156,156,156,156,156,156,156,156,156,156,156,156,156,156,156,156,156,156,156,156,156,156,156,156,156,156,156,156,156,156,156,156,156,156,156,156,156,156,156,156,156,156,156,156,156,156,156,156,156,156,156,156,156,156,156,156,156,156,156,156,156,156,156,156,156,156,156,156,156,156,156,156,156,156,156,156,156,156,156,156,156,156,156,156,156,156,156,156,156,156,156,156
156,156,156,156,156,156,156,156,156,156,156,156,156,156,156,717,737,732,732,713,323,288,292,295,288,321,715,732,732,739,719,156,156,156,156,156,156,156,156,156,156,156,156,156,156,156,156,156,156,156,156,156,156,156,156,156,156,156,156,156,156,156,156,156,156,156,156,156,156,156,156,156,156,156,156,156,156,156,156,156,156,156,156,156,156,156,156,156,156,156,156,156,156,156,156,156,156,156,156,156,156,156,156,156,156,156,156,156,156,156,156,156,156,156,156,156,156,156,156,156,156,156,156
156,156,156,156,156,156,156,156,156,156,156,156,156,156,156,1075,737,732,732,713,323,288,293,294,288,321,715,732,732,739,723,156,156,156,156,156,156,156,156,156,156,156,156,156,156,156,156,156,156,156,156,156,156,156,156,156,156,156,156,156,156,156,156,156,156,156,156,156,156,156,156,156,156,156,156,156,156,156,156,156,156,156,156,156,156,156,156,156,156,156,156,156,156,156,156,156,156,156,156,156,156,156,156,156,156,156,156,156,156,156,156,156,156,156,156,156,156,156,156,156,156,156,156
156,156,156,156,156,156,156,156,156,156,156,156,156,156,156,565,581,597,613,629,323,288,288,288,288,321,619,603,587,571,555,156,156,156,156,156,156,156,156,156,156,156,156,156,156,156,156,156,156,156,156,156,156,156,156,156,156,156,156,156,156,156,156,156,156,156,156,156,156,156,156,156,156,156,156,156,156,156,156,156,156,156,156,156,156,156,156,156,156,156,156,156,156,156,156,156,156,156,156,156,156,156,156,156,156,156,156,156,156,156,156,156,156,156,156,156,156,156,156,156,156,156,156
156,156,156,156,156,156,156,156,156,156,156,156,156,156,156,561,577,593,609,625,323,288,288,288,288,321,623,607,591,575,559,156,156,156,156,156,156,156,156,156,156,156,156,156,156,156,156,156,156,156,156,156,156,156,156,156,156,156,156,156,156,156,156,156,156,156,156,156,156,156,156,156,156,156,156,156,156,156,156,156,156,156,156,156,156,156,156,156,156,156,156,156,156,156,156,156,156,156,156,156,156,156,156,156,156,156,156,156,156,156,156,156,156,156,156,156,156,156,156,156,156,156,156
156,156,156,156,156,156,156,156,156,156,156,156,156,156,156,557,573,589,605,621,323,288,288,288,288,321,627,611,595,579,563,156,156,156,156,156,156,156,156,156,156,156,156,156,156,156,156,156,156,156,156,156,156,156,156,156,156,156,156,156,156,156,156,156,156,156,156,156,156,156,156,156,156,156,156,156,156,156,156,156,156,156,156,156,156,156,156,156,156,156,156,156,156,156,156,156,156,156,156,156,156,156,156,156,156,156,156,156,156,156,156,156,156,156,156,156,156,156,156,156,156,156,156
156,156,156,156,156,156,156,156,156,156,156,156,156,156,156,553,569,585,601,617,323,288,288,288,288,321,631,615,599,583,567,156,156,156,156,156,156,156,156,156,156,156,156,156,156,156,156,156,156,156,156,156,156,156,156,156,156,156,156,156,156,156,156,156,156,156,156,156,156,156,156,156,156,156,156,156,156,156,156,156,156,156,156,156,156,156,156,156,156,156,156,156,156,156,156,156,156,156,156,156,156,156,156,156,156,156,156,156,156,156,156,156,156,156,156,156,156,156,156,156,156,156,156
156,156,156,156,156,156,156,156,156,156,156,156,156,156,156,721,737,732,732,713,323,288,288,288,288,321,715,732,732,739,1076,156,156,156,156,156,156,156,156,156,156,156,156,156,156,156,156,156,156,156,156,156,156,156,156,156,156,156,156,156,156,156,156,156,156,156,156,156,156,156,156,156,156,156,156,156,156,156,156,156,156,156,156,156,156,156,156,156,156,156,156,156,156,156,156,156,156,156,156,156,156,156,156,156,156,156,156,156,156,156,156,156,156,156,156,156,156,156,156,156,156,156,156
156,156,156,156,156,156,156,156,156,156,156,156,156,156,156,717,737,732,732,713,323,288,292,295,288,321,715,732,732,739,719,156,156,156,156,156,156,156,156,156,156,156,156,156,156,156,156,156,156,156,156,156,156,156,156,156,156,156,156,156,156,156,156,156,156,156,156,156,156,156,156,156,156,156,156,156,156,156,156,156,156,156,156,156,156,156,156,156,156,156,156,156,156,156,156,156,156,156,156,156,156,156,156,156,156,156,156,156,156,156,156,156,156,156,156,156,156,156,156,156,156,156,156
156,156,156,156,156,156,156,156,156,156,156,156,156,156,156,717,737,732,732,713,323,288,293,294,288,321,715,732,732,739,719,156,156,156,156,156,156,156,156,156,156,156,156,156,156,156,156,156,156,156,156,156,156,156,156,156,156,156,156,156,156,156,156,156,156,156,156,156,156,156,156,156,156,156,156,156,156,156,156,156,156,156,156,156,156,156,156,156,156,156,156,156,156,156,156,156,156,156,156,156,156,156,156,156,156,156,156,156,156,156,156,156,156,156,156,156,156,156,156,156,156,156,156
156,156,156,156,156,156,156,156,156,156,156,156,156,156,156,717,737,732,732,713,323,288,288,288,288,321,715,732,732,739,719,156,156,156,156,156,156,156,156,156,156,156,156,156,156,156,156,156,156,156,156,156,156,156,156,156,156,156,156,156,156,156,156,156,156,156,156,156,156,156,156,156,156,156,156,156,156,156,156,156,156,156,156,156,156,156,156,156,156,156,156,156,156,156,156,156,156,156,156,156,156,156,156,156,156,156,156,156,156,156,156,156,156,156,156,156,156,156,156,156,156,156,156
156,156,156,156,156,156,156,156,156,156,156,156,156,156,156,717,737,732,732,713,323,288,288,288,288,321,715,732,732,739,719,156,156,156,156,156,156,156,156,156,156,156,156,156,156,156,156,156,156,156,156,156,156,156,156,156,156,156,156,156,156,156,156,156,156,156,156,156,156,156,156,156,156,156,156,156,156,156,156,156,156,156,156,156,156,156,156,156,156,156,156,156,156,156,156,156,156,156,156,156,156,156,156,156,156,156,156,156,156,156,156,156,156,156,156,156,156,156,156,156,156,156,156
156,156,156,156,156,156,156,156,156,156,156,156,156,156,156,717,737,732,732,713,323,288,288,288,288,321,715,732,732,739,719,156,156,156,156,156,156,156,156,156,156,156,156,156,156,156,156,156,156,156,156,156,156,156,156,156,156,156,156,156,156,156,156,156,156,156,156,156,156,156,156,156,156,156,156,156,156,156,156,156,156,156,156,156,156,156,156,156,156,156,156,156,156,156,156,156,156,156,156,156,156,156,156,156,156,156,156,156,156,156,156,156,156,156,156,156,156,156,156,156,156,156,156
156,156,156,156,156,156,156,156,156,156,156,156,156,156,156,717,737,732,732,713,323,288,288,288,288,321,715,732,732,739,719,156,156,156,156,156,156,156,156,156,156,156,156,156,156,156,156,156,156,156,156,156,156,156,156,156,156,156,156,156,156,156,156,156,156,156,156,156,156,156,156,156,156,156,156,156,156,156,156,156,156,156,156,156,156,156,156,156,156,156,156,156,156,156,156,156,156,156,156,156,156,156,156,156,156,156,156,156,156,156,156,156,156,156,156,156,156,156,156,156,156,156,156
156,156,156,156,156,156,156,156,156,156,156,156,156,156,156,717,737,732,732,713,323,288,288,288,288,321,715,732,732,739,719,156,156,156,156,156,156,156,156,156,156,156,156,156,156,156,156,156,156,156,156,156,156,156,156,156,156,156,156,156,156,156,156,156,156,156,156,156,156,156,156,156,156,156,156,156,156,156,156,156,156,156,156,156,156,156,156,156,156,156,156,156,156,156,156,156,156,156,156,156,156,156,156,156,156,156,156,156,156,156,156,156,156,156,156,156,156,156,156,156,156,156,156
156,156,156,156,156,156,156,156,156,156,156,156,156,156,156,105,117,129,141,713,323,288,292,295,288,321,715,732,732,739,719,156,156,156,156,156,156,156,156,156,156,156,156,156,156,156,156,156,156,156,156,156,156,156,156,156,156,156,156,156,156,156,156,156,156,156,156,156,156,156,156,156,156,156,156,156,156,156,156,156,156,156,156,156,156,156,156,156,156,156,156,156,156,156,156,156,156,156,156,156,156,156,156,156,156,156,156,156,156,156,156,156,156,156,156,156,156,156,156,156,156,156,156
156,156,156,156,156,156,156,156,156,156,156,156,156,156,156,101,113,125,137,713,323,288,293,294,288,321,715,732,732,739,719,156,156,156,156,156,156,156,156,156,156,156,156,156,156,156,156,156,156,156,156,156,156,156,156,156,156,156,156,156,156,156,156,156,156,156,156,156,156,156,156,156,156,156,156,156,156,156,156,156,156,156,156,156,156,156,156,156,156,156,156,156,156,156,156,156,156,156,156,156,156,156,156,156,156,156,156,156,156,156,156,156,156,156,156,156,156,156,156,156,156,156,156
156,156,156,156,156,156,156,156,156,156,156,156,156,156,156,97,109,121,133,713,323,288,288,288,288,321,715,732,732,739,719,156,156,156,156,156,156,156,156,156,156,156,156,156,156,156,156,156,156,156,156,156,156,156,156,156,156,156,156,156,156,156,156,156,156,156,156,156,156,156,156,156,156,156,156,156,156,156,156,156,156,156,156,156,156,156,156,156,156,156,156,156,156,156,156,156,156,156,156,156,156,156,156,156,156,156,156,156,156,156,156,156,156,156,156,156,156,156,156,156,156,156,156
156,156,156,156,156,156,156,156,156,156,156,156,156,156,156,717,737,732,732,713,323,288,288,288,288,321,715,732,732,739,719,156,156,156,156,156,156,156,156,156,156,156,156,156,156,156,156,156,156,156,156,156,156,156,156,156,156,156,156,156,156,156,156,156,156,156,156,156,156,156,156,156,156,156,156,156,156,156,156,156,156,156,156,156,156,156,156,156,156,156,156,156,156,156,156,156,156,156,156,156,156,156,156,156,156,156,156,156,156,156,156,156,156,156,156,156,156,156,156,156,156,156,156
156,156,156,156,156,156,156,156,156,156,156,156,156,156,156,717,737,732,732,713,323,288,288,288,288,321,715,732,732,739,719,156,156,156,156,156,156,156,156,156,156,156,156,156,156,156,156,156,156,156,156,156,156,156,156,156,156,156,156,156,156,156,156,156,156,156,156,156,156,156,156,156,156,156,156,156,156,156,156,156,156,156,156,156,156,156,156,156,156,156,156,156,156,156,156,156,156,156,156,156,156,156,156,156,156,156,156,156,156,156,156,156,156,156,156,156,156,156,156,156,156,156,156
156,156,156,156,156,156,156,156,156,156,156,156,156,156,156,717,737,732,732,713,323,288,288,288,288,321,715,732,732,739,723,156,156,156,156,156,156,156,156,156,156,156,156,156,156,156,156,156,156,156,156,156,156,156,156,156,156,156,156,156,156,156,156,156,156,156,156,156,156,156,156,156,156,156,156,156,156,156,156,156,156,156,156,156,156,156,156,156,156,156,156,156,156,156,156,156,156,156,156,156,156,156,156,156,156,156,156,156,156,156,156,156,156,156,156,156,156,156,156,156,156,156,156
156,156,156,156,156,156,156,156,156,156,156,156,156,156,156,717,737,732,732,713,323,288,288,288,288,321,619,603,587,571,555,156,156,156,156,156,156,156,156,156,156,156,156,156,156,156,156,156,156,156,156,156,156,156,156,156,156,156,156,156,156,156,156,156,156,156,156,156,156,156,156,156,156,156,156,156,156,156,156,156,156,156,156,156,156,156,156,156,156,156,156,156,156,156,156,156,156,156,156,156,156,156,156,156,156,156,156,156,156,156,156,156,156,156,156,156,156,156,156,156,156,156,156
156,156,156,156,156,156,156,156,156,156,156,156,156,156,156,105,117,129,141,713,323,288,292,295,288,321,623,607,591,575,559,156,156,156,156,156,156,156,156,156,156,156,156,156,156,156,156,156,156,156,156,156,156,156,156,156,156,156,156,156,156,156,156,156,156,156,156,156,156,156,156,156,156,156,156,156,156,156,156,156,156,156,156,156,156,156,156,156,156,156,156,156,156,156,156,156,156,156,156,156,156,156,156,156,156,156,156,156,156,156,156,156,156,156,156,156,156,156,156,156,156,156,156
156,156,156,156,156,156,156,156,156,156,156,156,156,156,156,101,113,125,137,713,323,288,293,294,288,321,627,611,595,579,563,156,156,156,156,156,156,156,156,156,156,156,156,156,156,156,156,156,156,156,156,156,156,156,156,156,156,156,156,156,156,156,156,156,156,156,156,156,156,156,156,156,156,156,156,156,156,156,156,156,156,156,156,156,156,156,156,156,156,156,156,156,156,156,156,156,156,156,156,156,156,156,156,156,156,156,156,156,156,156,156,156,156,156,156,156,156,156,156,156,156,156,156
156,156,156,156,156,156,156,156,156,156,156,156,156,156,156,97,109,121,133,713,323,288,288,288,288,321,631,615,599,583,567,156,156,156,156,156,156,156,156,156,156,156,156,156,156,156,156,156,156,156,156,156,156,156,156,156,156,156,156,156,156,156,156,156,156,156,156,156,156,156,156,156,156,156,156,156,156,156,156,156,156,156,156,156,156,156,156,156,156,156,156,156,156,156,156,156,156,156,156,156,156,156,156,156,156,156,156,156,156,156,156,156,156,156,156,156,156,156,156,156,156,156,156
156,156,156,156,156,156,156,156,156,156,156,156,156,156,156,717,737,732,732,713,323,288,288,288,288,321,715,732,732,739,1076,156,156,156,156,156,156,156,156,156,156,156,156,156,156,156,156,156,156,156,156,156,156,156,156,156,156,156,156,156,156,156,156,156,156,156,156,156,156,156,156,156,156,156,156,156,156,156,156,156,156,156,156,156,156,156,156,156,156,156,156,156,156,156,156,156,156,156,156,156,156,156,156,156,156,156,156,156,156,156,156,156,156,156,156,156,156,156,156,156,156,156,156
156,156,156,156,156,156,156,156,156,156,156,156,156,156,156,717,737,732,732,713,323,288,288,288,288,321,715,732,732,739,719,156,156,156,156,156,156,156,156,156,156,156,156,156,156,156,156,156,156,156,156,156,156,156,156,156,156,156,156,156,156,156,156,156,156,156,156,156,156,156,156,156,156,156,156,156,156,156,156,156,156,156,156,156,156,156,156,156,156,156,156,156,156,156,156,156,156,156,156,156,156,156,156,156,156,156,156,156,156,156,156,156,156,156,156,156,156,156,156,156,156,156,156
156,156,156,156,156,156,156,156,156,156,156,156,156,156,156,717,737,732,732,713,323,288,288,288,288,321,715,732,732,739,723,156,156,156,156,156,156,156,156,156,156,156,156,156,156,156,156,156,156,156,156,156,156,156,156,156,156,156,156,156,156,156,156,156,156,156,156,156,156,156,156,156,156,156,156,156,156,156,156,156,156,156,156,156,156,156,156,156,156,156,156,156,156,156,156,156,156,156,156,156,156,156,156,156,156,156,156,156,156,156,156,156,156,156,156,156,156,156,156,156,156,156,156
156,156,156,156,156,156,156,156,156,156,156,156,156,156,156,717,737,732,732,713,323,288,288,288,288,321,619,603,587,571,555,156,156,156,156,156,156,156,156,156,156,156,156,156,156,156,156,156,156,156,156,156,156,156,156,156,156,156,156,156,156,156,156,156,156,156,156,156,156,156,156,156,156,156,156,156,156,156,156,156,156,156,156,156,156,156,156,156,156,156,156,156,156,156,156,156,156,156,156,156,156,156,156,156,156,156,156,156,156,156,156,156,156,156,156,156,156,156,156,156,156,156,156
156,156,156,156,156,156,156,156,156,156,156,156,156,156,156,105,117,129,141,713,323,288,288,288,288,321,623,607,591,575,559,156,156,156,156,156,156,156,156,156,156,156,156,156,156,156,156,156,156,156,156,156,156,156,156,156,156,156,156,156,156,156,156,156,156,156,156,156,156,156,156,156,156,156,156,156,156,156,156,156,156,156,156,156,156,156,156,156,156,156,156,156,156,156,156,156,156,156,156,156,156,156,156,156,156,156,156,156,156,156,156,156,156,156,156,156,156,156,156,156,156,156,156
156,156,156,156,156,156,156,156,156,156,156,156,156,156,156,101,113,125,137,713,323,288,288,288,288,321,627,611,595,579,563,156,156,156,156,156,156,156,156,156,156,156,156,156,156,156,156,156,156,156,156,156,156,156,156,156,156,156,156,156,156,156,156,156,156,156,156,156,156,156,156,156,156,156,156,156,156,156,156,156,156,156,156,156,156,156,156,156,156,156,156,156,156,156,156,156,156,156,156,156,156,156,156,156,156,156,156,156,156,156,156,156,156,156,156,156,156,156,156,156,156,156,156
156,156,156,156,156,156,156,156,156,156,156,156,156,156,156,97,109,121,133,713,323,288,288,288,288,321,631,615,599,583,567,156,156,156,156,156,156,156,156,156,156,156,156,156,156,156,156,156,156,156,156,156,156,156,156,156,156,156,156,156,156,156,156,156,156,156,156,156,156,156,156,156,156,156,156,156,156,156,156,156,156,156,156,156,156,156,156,156,156,156,156,156,156,156,156,156,156,156,156,156,156,156,156,156,156,156,156,156,156,156,156,156,156,156,156,156,156,156,156,156,156,156,156
156,156,156,156,156,156,156,156,156,156,156,156,156,156,156,717,737,732,732,713,323,288,288,288,288,321,715,732,732,739,1076,156,156,156,156,156,156,156,156,156,156,156,156,156,156,156,156,156,156,156,156,156,156,156,156,156,156,156,156,156,156,156,156,156,156,156,156,156,156,156,156,156,156,156,156,156,156,156,156,156,156,156,156,156,156,156,156,156,156,156,156,156,156,156,156,156,156,156,156,156,156,156,156,156,156,156,156,156,156,156,156,156,156,156,156,156,156,156,156,156,156,156,156
156,156,156,156,156,156,156,156,156,156,156,156,156,156,156,717,737,732,732,713,312,304,308,1078,304,1080,715,732,732,739,719,156,156,156,156,156,156,156,156,156,156,156,156,156,156,156,156,156,156,156,156,156,156,156,156,156,156,156,156,156,156,156,156,156,156,156,156,156,156,156,156,156,156,156,156,156,156,156,156,156,156,156,156,156,156,156,156,156,156,156,156,156,156,156,156,156,156,156,156,156,156,156,156,156,156,156,156,156,156,156,156,156,156,156,156,156,156,156,156,156,156,156,156
156,156,156,156,156,156,156,156,156,156,156,156,156,156,156,717,737,732,732,713,376,368,372,1083,368,1081,715,732,732,739,719,156,156,156,156,156,156,156,156,156,156,156,156,156,156,156,156,156,156,156,156,156,156,156,156,156,156,156,156,156,156,156,156,156,156,156,156,156,156,156,156,156,156,156,156,156,156,156,156,156,156,156,156,156,156,156,156,156,156,156,156,156,156,156,156,156,156,156,156,156,156,156,156,156,156,156,156,156,156,156,156,156,156,156,156,156,156,156,156,156,156,156,156
156,156,156,156,156,156,156,156,156,156,156,156,156,156,156,717,737,732,732,713,376,368,372,1083,368,1081,715,732,732,739,719,156,156,156,156,156,156,156,156,156,156,156,156,156,156,156,156,156,156,156,156,156,156,156,156,156,156,156,156,156,156,156,156,156,156,156,156,156,156,156,156,156,156,156,156,156,156,156,156,156,156,156,156,156,156,156,156,156,156,156,156,156,156,156,156,156,156,156,156,156,156,156,156,156,156,156,156,156,156,156,156,156,156,156,156,156,156,156,156,156,156,156,156
156,156,156,156,156,156,156,156,156,156,156,156,156,156,156,717,737,732,732,713,376,368,372,1083,368,1081,715,732,732,739,719,156,156,156,156,156,156,156,156,156,156,156,156,156,156,156,156,156,156,156,156,156,156,156,156,156,156,156,156,156,156,156,156,156,156,156,156,156,156,156,156,156,156,156,156,156,156,156,156,156,156,156,156,156,156,156,156,156,156,156,156,156,156,156,156,156,156,156,156,156,156,156,156,156,156,156,156,156,156,156,156,156,156,156,156,156,156,156,156,156,156,156,156
156,156,156,156,156,156,156,156,156,156,156,156,156,156,156,717,737,732,732,713,376,368,372,1083,368,1081,715,732,732,739,719,156,156,156,156,156,156,156,156,156,156,156,156,156,156,156,156,156,156,156,156,156,156,156,156,156,156,156,156,156,156,156,156,156,156,156,156,156,156,156,156,156,156,156,156,156,156,156,156,156,156,156,156,156,156,156,156,156,156,156,156,156,156,156,156,156,156,156,156,156,156,156,156,156,156,156,156,156,156,156,156,156,156,156,156,156,156,156,156,156,156,156,156
156,156,156,156,156,156,156,156,156,156,156,156,156,156,156,717,737,732,732,713,376,368,372,1083,368,1081,715,732,732,739,719,156,156,156,156,156,156,156,156,156,156,156,156,156,156,156,156,156,156,156,156,156,156,156,156,156,156,156,156,156,156,156,156,156,156,156,156,156,156,156,156,156,156,156,156,156,156,156,156,156,156,156,156,156,156,156,156,156,156,156,156,156,156,156,156,156,156,156,156,156,156,156,156,156,156,156,156,156,156,156,156,156,156,156,156,156,156,156,156,156,156,156,156
156,156,156,156,156,156,156,156,156,156,156,156,156,156,156,717,737,732,732,713,376,368,372,1083,368,1081,715,732,732,739,719,156,156,156,156,156,156,156,156,156,156,156,156,156,156,156,156,156,156,156,156,156,156,156,156,156,156,156,156,156,156,156,156,156,156,156,156,156,156,156,156,156,156,156,156,156,156,156,156,156,156,156,156,156,156,156,156,156,156,156,156,156,156,156,156,156,156,156,156,156,156,156,156,156,156,156,156,156,156,156,156,156,156,156,156,156,156,156,156,156,156,156,156
156,156,156,156,156,156,156,156,156,156,156,156,156,156,725,745,765,784,805,825,360,360,360,360,360,827,807,784,767,747,727,156,156,156,156,156,156,156,156,156,156,156,156,156,156,156,156,156,156,156,156,156,156,156,156,156,156,156,156,156,156,156,156,156,156,156,156,156,156,156,156,156,156,156,156,156,156,156,156,156,156,156,156,156,156,156,156,156,156,156,156,156,156,156,156,156,156,156,156,156,156,156,156,156,156,156,156,156,156,156,156,156,156,156,156,156,156,156,156,156,156,156,156
156,156,156,156,156,156,156,156,156,156,156,156,156,725,745,765,784,805,825,360,360,360,360,360,827,807,784,767,747,727,156,156,156,156,156,156,156,156,156,156,156,156,156,156,156,156,156,156,156,156,156,156,156,156,156,156,156,156,156,156,156,156,156,156,156,156,156,156,156,156,156,156,156,156,156,156,156,156,156,156,156,156,156,156,156,156,156,156,156,156,156,156,156,156,156,156,156,156,156,156,156,156,156,156,156,156,156,156,156,156,156,156,156,156,156,156,156,156,156,156,156,156,156
156,156,156,156,156,156,156,156,156,156,156,156,725,745,765,784,805,825,360,360,360,360,360,827,807,784,767,747,727,156,156,156,156,156,156,156,156,156,156,156,156,156,156,156,156,156,156,156,156,156,156,156,156,156,156,156,156,156,156,156,156,156,156,156,156,156,156,156,156,156,156,156,156,156,156,156,156,156,156,156,156,156,156,156,156,156,156,156,156,156,156,156,156,156,156,156,156,156,156,156,156,156,156,156,156,156,156,156,156,156,156,156,156,156,156,156,156,156,156,156,156,156,156
156,156,156,156,156,156,156,156,156,156,156,725,745,765,784,805,825,360,360,360,360,360,827,807,784,767,747,727,156,156,156,156,156,156,156,156,156,156,156,156,156,156,156,156,156,156,156,156,156,156,156,156,156,156,156,156,156,156,156,156,156,156,156,156,156,156,156,156,156,156,156,156,156,156,156,156,156,156,156,156,156,156,156,156,156,156,156,156,156,156,156,156,156,156,156,156,156,156,156,156,156,156,156,156,156,156,156,156,156,156,156,156,156,156,156,156,156,156,156,156,156,156,156
156,156,156,156,156,156,156,156,156,156,725,745,765,784,805,825,360,360,360,360,360,827,807,784,767,747,727,156,156,156,156,156,156,156,156,156,156,156,156,156,156,156,156,156,156,156,156,156,156,156,156,156,156,156,156,156,156,156,156,156,156,156,156,156,156,156,156,156,156,156,156,156,156,156,156,156,156,156,156,156,156,156,156,156,156,156,156,156,156,156,156,156,156,156,156,156,156,156,156,156,156,156,156,156,156,156,156,156,156,156,156,156,156,156,156,156,156,156,156,156,156,156,156
156,156,156,156,156,156,156,156,156,725,745,765,784,805,825,360,360,360,360,360,827,807,784,767,747,727,156,156,156,156,156,156,156,156,156,156,156,156,156,156,156,156,156,156,156,156,156,156,156,156,156,156,156,156,156,156,156,156,156,156,156,156,156,156,156,156,156,156,156,156,156,156,156,156,156,156,156,156,156,156,156,156,156,156,156,156,156,156,156,156,156,156,156,156,156,156,156,156,156,156,156,156,156,156,156,156,156,156,156,156,156,156,156,156,156,156,156,156,156,156,156,156,156
156,156,156,156,156,156,156,156,156,156,156,156,156,156,156,156,156,156,156,156,156,156,156,156,156,156,156,156,156,156,156,156,156,156,156,156,156,156,156,156,156,156,156,156,156,156,156,156,156,156,156,156,156,156,156,156,156,156,156,156,156,156,156,156,156,156,156,156,156,156,156,156,156,156,156,156,156,156,156,156,156,156,156,156,156,156,156,156,156,156,156,156,156,156,156,156,156,156,156,156,156,156,156,156,156,156,156,156,156,156,156,156,156,156,156,156,156,156,156,156,156,156,156
156,156,156,156,156,156,156,156,156,156,156,156,156,156,156,156,156,156,156,156,156,156,156,156,156,156,156,156,156,156,156,156,156,156,156,156,156,156,156,156,156,156,156,156,156,156,156,156,156,156,156,156,156,156,156,156,156,156,156,156,156,156,156,156,156,156,156,156,156,156,156,156,156,156,156,156,156,156,156,156,156,156,156,156,156,156,156,156,156,156,156,156,156,156,156,156,156,156,156,156,156,156,156,156,156,156,156,156,156,156,156,156,156,156,156,156,156,156,156,156,156,156,156
